{"ep1-s0-teaser": [[0.0, 6.2496, "s0A1"], [6.2496, 11.8992, "s0A2"], [11.8992, 25.795000000000005, "s0A3"], [25.795000000000005, 29.170000000000005, "s0A5"]], "ep1-s1-akshar": [[0.0, 5.895, "T1"], [5.895, 14.434999999999997, "s1B1"], [14.434999999999997, 27.615000000000002, "T6"], [27.615000000000002, 34.79500000000001, "s1B2"], [34.79500000000001, 47.43000000000001, "s1B3"], [47.43000000000001, 57.235000000000014, "s1B4"], [57.235000000000014, 74.795, "s1B5"], [74.795, 83.57499999999999, "s1B4"], [83.57499999999999, 93.31499999999998, "s1B1"], [93.31499999999998, 97.72999999999999, "T3"]], "ep1-s2-pilla": [[0.0, 16.195, "s2W1"], [16.195, 24.045, "s2W2"], [24.045, 27.865000000000006, "s2W3"], [27.865000000000006, 42.88500000000001, "s2W4"], [42.88500000000001, 52.41500000000001, "s2W2"], [52.41500000000001, 63.32500000000002, "s2W5"], [63.32500000000002, 68.15500000000002, "s2W4"], [68.15500000000002, 82.59, "s2W6"], [82.59, 87.35000000000001, "s2W5"]], "ep1-s3-chhupam": [[0.0, 5.4799999999999995, "s3Y1"], [5.4799999999999995, 10.534999999999998, "s3Y2"], [10.534999999999998, 16.404999999999998, "s3Y3"], [16.404999999999998, 24.115, "s3Y2"], [24.115, 39.75500000000001, "s3Y4"], [39.75500000000001, 53.87500000000002, "s3Y5"], [53.87500000000002, 63.80500000000002, "s3Y3"], [63.80500000000002, 67.11500000000001, "s3Y4"], [67.11500000000001, 80.63, "s3Y6"]], "ep1-s5-kalu-ghar": [[0.0, 13.254999999999999, "s5H1"], [13.254999999999999, 36.815000000000005, "s5H2"], [36.815000000000005, 44.44500000000001, "s5H3"], [44.44500000000001, 63.93500000000002, "s5H4"], [63.93500000000002, 73.82000000000001, "s5H5"]], "ep1-s6-topi": [[0.0, 26.975000000000005, "s6N1"], [26.975000000000005, 34.71500000000001, "s6N3"], [34.71500000000001, 42.615000000000016, "s6N1"], [42.615000000000016, 54.575000000000024, "s6N3"], [54.575000000000024, 58.20500000000003, "E4"], [58.20500000000003, 69.94500000000002, "s6N2"], [69.94500000000002, 80.37500000000001, "E4"], [80.37500000000001, 84.08500000000001, "E2"], [84.08500000000001, 90.61, "E3"]]}